360 F route_specific Exact comparison certificates test fixed registries and deletion controls, not general lower bounds.
361 S general_tool Weighted reflection preserves ordinary polynomial degrees only with disjoint fresh coefficients and nonzero tuples.
362 C general_tool Describes the binary source stage before optional packing; it is not a general PC source description.
363 C general_tool Modular NS compilation carries local witness ceilings and the explicit proof-height cost.
364 C route_specific Quadratic target relations do not make the supplied witnesses quadratic or solve global elimination.
365 F route_specific Exact degree and gate witnesses are finite construction checks without optimality claims.
366 M general_tool Purely old local targets can be eliminated with functional strengthening and at most three families.
367 C negative_result The factorial matching-tree family obstructs inventory-independent transfer, not polynomial-inventory exclusion.
368 D negative_result Local harmlessness does not imply joint moment extension; the witness has factorial inventory.
369 F route_specific Complete factored tree certificates and satisfiable frontiers test the local-to-global obstruction.
370 M general_tool Affine row projection transports old filtration with explicit functionality certificates.
371 A general_tool Canonical flat sharing provides costed one-level module relations with actual later-input substitution.
372 D general_tool The singleton equations characterize the stated weighted module band, not full augmented PC.
373 D route_specific The rank-bounded design extension has no count charge but yields no new asymptotic rank coverage.
374 D negative_result A chosen design fails to extend at the stated witness cost; other designs are not excluded.
375 F route_specific Complete free-Boolean moment arrays test module compatibility separately from PHP.
376 R context Source-scope audit identifies missing proof extraction rather than importing an inapplicable published bound.
377 M negative_result Row-free coordinates violate the proper-point premise; moment designs cannot replace satisfying points.
378 S general_tool Indicator substitution transfers algebraic degree with factor ell but does not preserve affine queries.
379 B negative_result The standard bit presentation has an explicit degree fall, preventing direct inheritance of unary filtration.
380 B general_tool Exact query-image characterization separates unary affine queries from affine bit queries.
381 F route_specific Complete finite image certificates support algebraic transfer without claiming affine-DAG conversion.
382 M general_tool Verified local two-row interpolation has max(degree,2) cost and requires no cross-row axioms.
383 B general_tool The affine decoder gives a compact-base PC bound with the stated bit-width threshold.
384 B general_tool Transported consequence spaces have stable restrictions; equality with intrinsic compact PC is not asserted.
385 C route_specific The compact source bridge preserves the ordinary-PHP goal with explicit source conversion costs.
386 F route_specific Local decoder certificates isolate functionality and small-width exceptions.
387 B general_tool Quadratic rigidity identifies transported old relations for at least eight labels.
388 B general_tool The four-label kernel is the exact boundary exception to larger-label quadratic rigidity.
389 D general_tool The first-boundary extension covers arbitrary affine inventory for NS designs, not augmented PC.
390 F route_specific Complete quotient kernels check the quadratic classification and missing-column control.
391 A general_tool Greedy disjoint coordinate-cube packing applies below the total-dimension boundary.
392 B general_tool Low-degree rigidity extends the quadratic result to every degree below the label width.
393 B general_tool The first transported non-Boolean relation is exactly at bit width; full intrinsic stability remains separate.
394 F route_specific Exhaustive cube witnesses verify bounded cases and the complementary boundary obstruction.
395 D general_tool Coherent affine moments extend in the specified band without inventory or span-separation costs.
396 D route_specific Source-compatible parameters improve the first band while leaving completed source degrees uncovered.
397 F route_specific Complete Boolean moment checks detect incoherence and omitted triples without sampling PHP designs.
398 A general_tool Critical cube packing classifies the exact complementary-pair exception.
399 B general_tool Two-row equality-supported functions at critical degree are classified by the equality indicator.
400 B general_tool The first transported layer equals the compact initial layer, without higher-degree stability claims.
401 D general_tool The critical residual is an exact coupling condition, not an exhibited incompatible source.
402 F route_specific Complete critical-packing and quotient checks retain failed greedy and missing-potential controls.
403 A general_tool Equality-leading annihilators are classified with the explicit ell=2 exception.
404 A general_tool A tight exterior multiplication rank bound supports the critical affine kernel criterion.
405 D general_tool Actual affine input rank removes the critical residual under the stated nonconstant-span hypothesis.
406 D general_tool Critical-band extension covers full affine families in NS with no inventory charge.
407 F route_specific Exact exterior kernels support the rank lemmas but are not complete PHP quotient computations.
408 B negative_result A pruned factorial tree refutes the compact base; it does not provide a small proof.
409 B negative_result Same-base degree bounds delimit inventory-independent elimination while leaving count-sensitive transfers open.
410 F route_specific Complete small pruned trees and satisfiable frontiers verify inventory and telescoping identities.
411 B general_tool Subcube restriction preserves original compact axiom degrees and residual pigeon surplus.
412 B route_specific Literal families admit simultaneous removal under an explicit probability inequality; dense forms remain outside scope.
413 A negative_result Dense code inputs survive this literal-killing restriction, though the control is cheaply packable.
414 F route_specific A complete restriction and codeword table distinguish literal killing from dense survival.
415 B general_tool Row-linear quotient injection extends beyond bit width under the stated board bound.
416 S general_tool One simultaneous packing/learning map charges k(D+1), avoiding repeated multiplicative losses.
417 B general_tool The finite dimension criterion covers all affine ranks with explicit old-board and restriction dimensions.
418 B route_specific One-level polynomial-inventory exclusion is a main-route endpoint, not multilevel closure.
419 N general_tool A supplied NS identity admits a sharper old-cofactor ledger under actual vanishing hypotheses.
420 F route_specific Exact hybrid certificates and opposing flats test both dimension and degree failures.
421 C general_tool The bottom-selector profile describes the chosen compact source before optional packing.
422 S general_tool Weighted virtual deletion preserves ordinary source budgets while explicitly excluding raw input coefficients.
423 S general_tool Bottom removal gives a conditioned later family at kD, with actual input substitution.
424 B general_tool Transported conditioned filtration gives a hardness loss in degree of f, not intrinsic NS equality.
425 A negative_result Later inputs are sums of flat indicators, so affine rank no longer controls zero-space dimension.
426 F route_specific Complete later-image certificates and rank controls separate weighted correctness from unweighted failure.
427 B general_tool Bounded row-degree injection extends cube separation with an explicit sufficient board bound.
428 B general_tool The conditioned row-linear kernel is Boolean annihilation in the stated stability range.
429 B general_tool A large conditioned target space is constructed, but further nonlinear source elimination is not supplied.
430 F negative_result An explicit old relation refutes dropping the injection range, without claiming the sharp threshold.
431 F route_specific Multiplication columns and cube duals test the conditioned kernel and its range controls.
432 C route_specific Label-parent syntax realizes unary queries after compact preprocessing without proving essential source use.
433 M general_tool Explicit row telescoping certifies the label decoder at degree ell with functionality required.
434 S route_specific The label-parent subclass normalizes without degree loss; other flat indicators remain excluded.
435 A negative_result Earlier multiscale numerical obstructions persist in retained label syntax; this is a reuse, not a new bound.
436 B general_tool A single-bit condition gives an exact halving of the actual label-span quotient dimension.
437 M general_tool Local row-state vanishing has degree-preserving certificates over every prime, without column axioms.
438 M general_tool Common row support suffices for coefficient profiles, but is stronger than bounded profile degree.
439 S general_tool Dependency-closed multilevel packages normalize at TD without a separate level charge.
440 S general_tool Compact and conditioned applications preserve prior kD costs rather than resetting them.
441 M negative_result Individual row locality does not bound whole-prefix policy degree; alternative policies remain possible.
442 F route_specific Complete nonlinear multilevel row-domain identities test profiles over F2 and F3.
443 C general_tool The chosen source admits certified removal of compact equality old parts inside original budgets.
444 C general_tool Syntactic row-support propagation identifies a closed local package, not maximal semantic eligibility.
445 M general_tool Canonical row-local values have old-only witnesses through original product weight.
446 S route_specific The actual compact source admits degree-preserving local removal with an affine unary retained presentation.
447 C context The two preprocessing orders have different endpoint classes and cannot be silently combined.
448 F route_specific Full local replacement certificates test raw-cofactor budgets without constructing a whole Frege proof.
449 W general_tool Outer source cofactors have bounded factor count in formal coordinates with carried module costs.
450 W general_tool Subset-state matrices represent products of affine forms in every variable order.
451 W route_specific Formal source certificates have small ROABPs; genuine selector substitution is a separate issue.
452 W general_tool Booleanization preserves width with explicit weighted domain corrections.
453 W negative_result Genuine two-level realization can have exponential cut rank in one order while another order stays easy.
454 W context The recorded characteristic obstruction concerns a displayed subset-sum argument, not the cited main theorem.
455 F route_specific Complete matrix programs and field-scope controls test representation claims locally.
456 W general_tool Exact affine-flat cut rank connects evaluation and multilinear coefficient matrices.
457 W general_tool Balanced code distance gives rank retention on every half with an explicit existence bound.
458 W negative_result Source-shaped selectors can have every-order exponential width without proving essential PHP use.
459 S general_tool The same width-hard package permits cheap coefficient elimination, separating width from degree barriers.
460 F route_specific Full cut matrices and factored certificates check the code construction and normalization.
461 C route_specific A proper retained OR family realizes nonlinear code children at the stated local source ceiling.
462 W negative_result The supplied collected witness has every-order high width; alternative witnesses are not excluded.
463 W negative_result Specified child normalization retains the hard supplied coefficient without proving quotient-rank hardness.
464 W context The audit limits the proposed expansion procedure and leaves other witnesses and cancellations open.
465 N general_tool Costed NS profiles retain prefixes, residuals, companions and Booleanity over one system.
466 N general_tool Product closure adds profile costs and includes residual-corrected local witnesses.
467 C general_tool Acyclic costed union folding reconstructs supplied modular witnesses, not arbitrary coefficient replay.
468 C route_specific The code union folds within its original budget despite retaining a wide child.
469 F route_specific Complete folding certificates detect missing prefix residuals and high-degree raw field images.
470 C general_tool Virtual clause values carry old collision residuals without an invalid polynomial homomorphism.
471 N general_tool Affine backbone plus exact dependent tail supplies a complete costed profile.
472 C route_specific Sparse dependent positions suffice for source collapse with no inventory or degree growth.
473 C route_specific A valid compiled source refutation must violate the sparse-position condition somewhere.
474 C context Analytic ledgers show the coverage of the fold criterion, not new runs or universal impossibility.
475 C general_tool Existing logical PC compilation uses complete costed profiles without proof-height dependence.
476 C route_specific Unbalanced compact proofs inherit sparse-source exclusion; ordinary label conversion remains separate.
477 C negative_result Label substitution can inflate dependent positions and thus fails the proposed compiler invariant.
478 C negative_result Packing labels can trade selector count for high-degree old inputs, invalidating the affine endpoint premise.
479 C context The source audit lacks a balancing sparsity guarantee; the PC endpoint avoids needing that guarantee.
480 R general_tool Verified fixed affine-clause interfaces include empty clauses and explicit accuracy requirements.
481 R general_tool Verified complementary-parity resolution reuses completed PC lines at the stated uniform ceiling.
482 R general_tool Verified semantic weakening handles consistent, empty and tautological zero-set cases.
483 R general_tool Binary affine covers give a short basic-rule reduction; its concrete PC-degree corollary is not formalized here.
484 R general_tool The verified opposite-fiber description requires no finite-dimensional hypothesis.
485 R general_tool Verified basis compression controls literal and coefficient-slot inventory in finite dimension.
486 R general_tool Verified actual CNF and compact-pair transfer preserves ordinary degree without a proof-height condition.
487 R independent_result The earlier superpolynomial bit-PHP Res(parity) corollary is now subsumed by the publication theorem, not a separate result.
488 F route_specific Fully replayed traces test local affine-clause rules with satisfiable controls and excluded small PHP composition.
489 M general_tool Verified matching marginals characterize truncated ordinary NS annihilation without positivity assumptions.
490 M general_tool Verified extension gives stable old PC=NS for arbitrary row counts; the earlier m>=B premise is unnecessary.
491 B general_tool Verified residual duals separate row-linear bit polynomials with exact board and normalization conditions.
492 B general_tool Verified ordinary restriction supplies both finite-parameter and asymptotic affine-family exclusion.
493 R context The second internal chain audit supports the same size theorem, not external review or an independent new result.
494 F route_specific Complete sparse marginal witnesses include a repeated-axis case and missing-moment controls.
495 M general_tool Oriented matching fillings extend filtration over every field with an elementary replacement for imported vanishing.
496 B general_tool Correct prime-field collision degrees and decoder certificates prevent reuse of binary formulas at odd primes.
497 B general_tool Signed residual designs extend row-linear separation to every prime with no power of the target.
498 B route_specific All-prime one-level affine exclusion advances the endpoint but does not remove general nonlinear levels.
499 S general_tool Complete affine-power coefficient maps certify NS/PC transfer with constant degree factor two.
500 N route_specific Actual negative MOD profiles fit original odd-prime source weights; raw transfer is a stronger separate statement.
501 A negative_result Positive MOD zero sets defeat affine-rank codimension reasoning even in a removable example.
502 S route_specific The common-bit positive-MOD3 subclass has a complete degree-preserving map, not all positive MOD tuples.
503 F route_specific Complete odd-prime local witnesses and signed moments test domains and omitted-factor controls.
504 R context The defined affine-disequality calculus is explicit and is not identified with general odd-prime equation resolution.
505 R negative_result Exact full-field line encoding is exponential in width; domain-aware and auxiliary-variable simulations remain open.
506 R general_tool Full-field affine covers with at most p premises reduce to parallel hyperplane splitting.
507 R general_tool Prime disequality rules have explicit PC degree ceilings using Boolean pivot certificates.
508 R general_tool Initial values retain prime collision degrees and explicitly encoded Boolean-domain clauses.
509 R independent_result A fixed-prime disequality-calculus size bound may be independently useful; it does not cover general equation clauses.
510 F route_specific Complete prime-field traces test typed and Boolean pivots with deliberately non-PHP composed controls.
511 S context The shared-probe source class is specified without probe independence or small row-support assumptions.
512 S general_tool Residue-wise coefficient maps preserve dependent old variables and full prime coefficient domains.
513 S general_tool Complete original axiom images give simultaneous NS/PC transfer at factor p.
514 S route_specific Shared-probe positive MOD families are excluded at polynomial inventory, leaving arbitrary tuples open.
515 F route_specific Full shared-probe certificates and models detect wrong branches and missing residues.
516 C general_tool Selector rank measures codimension modulo old affine forms at a fixed source stage.
517 N general_tool Rank-adapted original prefixes preserve individual input budgets with necessary inverse-basis pullback.
518 C route_specific Rank at most h-1 suffices for one-affine-level collapse, refining sparse positions without solving the general rank bound.
519 B general_tool Accuracy-dependent affine exclusion refines finite-parameter costs beyond logarithmic accuracy.
