0	covered	The three controls already have individually indexed paragraph anchors; the surrounding heading is not a fourth result.
1	append	The explicit two-input companion-versus-factor separation is a distinct positive control, not the existing three-input zero-kernel claim.
2	setup	Encoding and TRUE-by-zero conventions are hypotheses of the indexed ordinary-PHP transfer and its clause lemmas.
3	append	The standalone exact normalization suite has numerical and negative-control outcomes not separately indexed.
4	append	The standalone MOD/schema/Boolean packing certificate suite has finite scope distinct from the universal lemmas.
5	covered	The signed fixture degree/support ledger belongs to ex:signed-boundary-mod-traces, including its implementation correction.
6	append	An explicit OR-free frontier formal-degree statement and binary aggregate-copy consequence are not the later support obstruction.
7	append	Complete survivor-sharing and private-root fixtures form a distinct finite-check record.
8	append	The mixed-mode certificate and countermodel suite is a distinct finite-check outcome.
9	append	The complete goal-dependent MOD replay suite records actual source/replay traces and scope controls.
10	proof	The positive-root case proves thm:level-confined-strict-PC-leaves; no separate theorem is asserted.
11	proof	Negative-root/MOD cases complete the same strict-leaf theorem.
12	review	Scope and next-step discussion of the indexed strict-leaf criterion, with no new mathematical assertion to register.
13	proof	The degree-majorant induction is a component of thm:level-ordered-virtual-axiom-boundaries and its recurrence.
14	evidence	Concrete constant-mode illustrations of the indexed virtual-axiom-boundary construction, without a separate experimental suite.
15	proof	Rebuilding the source Booleanity portfolio is part of thm:global-PHP-row-projection's source-compatible transfer, not arbitrary substitution.
16	setup	The encoded state algebra and inverse selector are the explicit hypotheses/local identity of thm:heterogeneous-scalar-profile-frontier.
17	review	Dated strategic comparison of PHP and stronger systems; it does not import a new applicable theorem or establish a new result.
18	setup	Source-model distinctions supply context for obs:affine-definitions-preserve-degree and obs:occupancy-summary-characteristic.
19	proof	The ledger and field-coordinate limitations belong to lem:extension-field-counting-degree and cor:extension-field-coordinate-degree.
20	review	Clarifies reuse and limitations of prop:column-literal-selector-normalizers and obs:literal-OR-arbitrary-selector-partitions.
21	review	Collects existing obstructions while defining open:source-family-elimination-bridge; not additional counterexamples.
22	append	The explicit additive-cost scheduling obstruction is separate from the open bridge and does not lower-bound all elimination methods.
23	append	A satisfiable two-block scalar-normalization counterexample has a complete degree proof and exact boundary control.
24	append	The reusable functional-base signed-literal star-cover construction has explicit original-degree images.
25	append	The preliminary random-affine-product character bound is proved independently; a better later sampler does not subsume its distinct distribution.
26	covered	Exact formal statement of the already indexed lem:mod-interpolation, with no separate mathematical scope beyond its artifact.
27	covered	Exact statement of lem:mp-telescoping and its recorded corrected degree scope.
28	covered	The rule-convention bridge is lem:binary-semantic-affine-cover; dependency claims already have separate labels.
29	covered	The record explicitly identifies reuse of thm:affine-column-state-normalizer; the compact profile is the concrete illustration of audit:PHP-relative-source-interface.
30	append	The sparse-collision-residual restriction argument is a distinct scoped method obstruction; the abstract-only literature screen remains part of the existing interface audit.
31	covered	Explicitly names existing third-party:BLVZ-chessboard-filling; this is an earlier statement-only interface, not another imported theorem.
32	review	Historical proposed formalization route and setup diagnostics; later proof claims are indexed separately.
33	proof	Explains constant-coefficient tensor filling versus conditioning as motivation for obs:no-conditioning-natural-moment-sections; no independent source extension is asserted.
34	covered	Supporting statement/proof is already lem:augmented-subcomplex-relabeling, used by third-party:chessboard-star-intersections.
35	duplicate	Retired log copies the already indexed implication-boundary record and expressly points to its authoritative source; no new result.
36	covered	Earlier targeted source-scope comparison belongs to ctx:pc-extension-variables-literature; no source theorem is applied or newly proved.
37	proof	Detailed ordinary-degree certificate proof of lem:binary-degree-controlled-Boolean-reduction.
38	proof	Grid-injectivity and boundary cases complete the same Boolean-reduction formalization; library facts are not newly claimed theorems.
39	proof	Original row-generator accounting proves audit:matching-moment-completeness using lem:functional-matching-normal-form.
40	proof	Moment assignment and bounded-functional extension are the remaining directions of audit:matching-moment-completeness.
41	proof	Stability, closure and normalization are the indexed audit:matching-extension-arbitrary-row-count conclusions.
42	covered	Bit isolation and residual boundary arithmetic are explicitly included in lem:disjoint-binary-coordinate-pairs's formal artifact scope.
43	covered	Generator-wise NS transport is included in lem:binary-cube-degree-drop's exact verified scope.
44	proof	These NS witnesses certify the actual source interfaces used by prop:mixed-prefix-boundary-only-obstruction and its tradeoff; not a separate unrelated transfer theorem.
45	covered	The extra unary query and repaired projection are precisely audit:PHP-row-density-correction.
46	covered	The generic initial-value and DAG criterion are subsequently separately indexed as lem:generic-CNF-initial-value-bridge and thm:generic-CNF-affine-DAG-subspace-criterion.
47	duplicate	The manuscript restates cor:bit-PHP-exponential-parameter-bound and explicitly disclaims a new argument.
48	append	Register the twenty exact conservativity checks separately from the already indexed general conjecture; no universal inference.
49	setup	Defines the slack subcube family and canonical tree used by lem:subcube-bit-switching and its controls.
50	covered	The random-flat proposal was later established and indexed as lem:random-flat-restriction-preservation; preserve this as historical motivation.
51	proof	Transfer of the light encoding is a component of thm:random-flat-literal-switching, with explicit reused subcube hypotheses.
52	covered	Initial parameter regime and its later correction are already included in thm:random-flat-literal-switching's current assessment.
53	covered	The sharper N+1 bound and n^(4/3)/polylog consequence are explicitly recorded in the current thm:random-flat-literal-switching summary; add no duplicate theorem.
54	covered	The corrected distinct-hole obligation is explicitly retained in obs:literal-window-structure and ex:random-flat-pigeon-only-refuted.
55	evidence	Two discarded constructions explain the corrected obligation's scope; they are not claimed counterexamples or independent mathematical endpoints.
56	setup	Defines the unary reader parameters for the four indexed dense/sparse switching claims.
57	append	The explicit occupant-reader example explains why large unmatched matching alone is not a counterexample to the preferred tree.
58	review	Historical assembly proposal and optimism about the open mixed-reader step, not a completed theorem. Its generic avoidance assertion is covered by the coordinator's NA correction.
59	append	The light-answer enumeration versus rank-tail budget mismatch is a distinct failed-method obstruction; valid only for this union-bound strategy.
60	append	The deterministic full-tail-exposure issue is separate from the expectation lemmas and explains why their naive conditioning cannot be used.
61	setup	Specifies the full-class subclass and its trigger-label observation for thm:single-row-full-class-switching; latter observation also has its own current label.
62	setup	Loading/survivor definitions and deterministic path interpretation are inputs of the indexed loading theorem; no new probabilistic estimate here.
63	review	A proposed residual-case route with extra hypothetical degree assumptions, not a completed new theorem; its out-loading premises remain under the current audit.
64	append	Explicit many-out-row corollary is missing. Record it as conditional on out-loading, because the generic NA proof premise was refuted; do not assert the structured corollary false.
65	review	A historical open-case decomposition conditional on Sections1–2, not a solved residual theorem; links to the new conditional many-out-row record preserve the premise issue.
66	covered	Self-pair correction is already part of the indexed thm:single-row-full-class-window correction history; no separate new statement is needed.
67	covered	Corrected N threshold belongs to the same historical theorem assessment and does not independently repair the later NA premise issue.
68	covered	Assigned-row clarification fixes the interpretation of that theorem's proof; it is not a new switching theorem.
69	review	Discusses obstacles to generalizing the existing theorem; explicitly leaves the general pair-set problem open.
70	review	Historical proposed bipartite target and transfer sketch, later replaced by indexed thm:bipartite-full-column-switching; no unconditionally verified theorem is inferred from the sketch.
71	evidence	The exact run scope and repaired encoder account belong to ex:mixed-tree-round-trip.
72	setup	Full-column bipartite definitions are inputs of the indexed role-separated switching and rule claims.
73	setup	Two-tier definitions and mass splits are the setting for thm:two-tier-column-switching and its indexed lemmas.
74	covered	The mismatch is already obs:composition-gap, with later repairs kept separate.
75	setup	Compact complete-term tree and pair-space definitions belong to thm:compact-pair-space-composition and its decoder lemmas.
76	setup	Two-role scope and pinning assumptions are explicit inputs of thm:two-role-compact-composition.
77	review	Records remaining richness/round-bound limitations of that indexed theorem, without another proved result.
78	append	The two-role compact decoder runs and nonvacuous wrong-code-rule control form a separately useful finite-check record.
79	review	Open wide-mass cases and proposed next mechanism, explicitly not a new bound; generic NA assertions remain subject to the coordinator's correction.
80	review	Synthesis of already indexed literal restrictions and cases leading to conj:literal-frontier and q:dense-forms-compact-family.
81	setup	Exact affine restriction coordinates and endpoint profile hypotheses for the dense-form claims.
82	evidence	Tool, closure dimensions and verification scope support check:hole-axioms-dense-form-images.
83	review	Open alternatives after obs:level-two-plain-elimination-out-of-reach, with existing low-rank certificate applications only.
84	review	Summary of the already indexed dense-form results and finite tests before the image-or-value conjecture.
85	covered	Restates conj:image-or-value and the existing query-encoding distinctions as part of ctx:route-review-subspace-wall.
86	covered	Detailed source qualification of ctx:pc-extension-variables-literature inside ctx:route-review-subspace-wall, not a new imported theorem application.
87	review	Dated route estimates and selection; no additional mathematical assertion is promoted to a claim.
88	review	Explicit short strategic second opinion with no new theorem, computation or proof certification.
89	framework	Evidence-packet workflow evaluation, explicitly no new mathematical claim.
90	framework	Index dependency tooling/route review, explicitly no new mathematical claim.
