b,exponent_residue,nonordinary_rank,ordinary_rank
0,1,3,3
1,1,3,3
2,1,3,3
0,2,9,9
1,2,9,9
2,2,6,6
0,3,27,27
1,3,27,27
0,4,79,81
0,3649,139,139
0,4224,139,137
0,7489,138,3
0,7872,139,137
0,7873,139,139
0,10944,139,137
0,14593,139,139
0,14977,139,3
0,15744,139,137
0,17089,139,139
0,19008,139,137
0,20160,139,137
0,21121,139,139
0,22465,138,3
0,25152,139,137
0,30336,139,137
0,30337,139,139
0,33409,139,139
0,34368,139,137
0,37441,3,3
1,37441,3,3
2,37441,3,3
0,37442,9,9
1,37442,9,9
2,37442,6,6
0,37443,27,27
1,37443,27,27
0,37444,79,81
0,41089,139,139
0,41664,139,137
0,44929,138,3
0,45312,139,137
0,45313,139,139
0,48384,139,137
0,52033,139,139
0,52417,139,3
0,53184,139,137
0,54529,139,139
0,56448,139,137
0,57600,139,137
0,58561,139,139
0,59905,138,3
0,62592,139,137
0,67776,139,137
0,67777,139,139
0,70849,139,139
0,71808,139,137
0,74881,3,3
1,74881,3,3
2,74881,3,3
0,74882,9,9
1,74882,9,9
2,74882,6,6
0,74883,27,27
1,74883,27,27
0,74884,79,81
0,78529,139,139
0,79104,139,137
0,82369,138,3
0,82752,139,137
0,82753,139,139
0,85824,139,137
0,89473,139,139
0,89857,139,3
0,90624,139,137
0,91969,139,139
0,93888,139,137
0,95040,139,137
0,96001,139,139
0,97345,138,3
0,100032,139,137
0,105216,139,137
0,105217,139,139
0,108289,139,139
0,109248,139,137
0,112321,3,3
1,112321,3,3
2,112321,3,3
0,112322,9,9
1,112322,9,9
2,112322,6,6
0,112323,27,27
1,112323,27,27
0,112324,79,81
0,115969,139,139
0,116544,139,137
0,119809,138,3
0,120192,139,137
0,120193,139,139
0,123264,139,137
0,126913,139,139
0,127297,139,3
0,128064,139,137
0,129409,139,139
0,131328,139,137
0,132480,139,137
0,133441,139,139
0,134785,138,3
0,137472,139,137
0,142656,139,137
0,142657,139,139
0,145729,139,139
0,146688,139,137
0,149761,3,3
1,149761,3,3
2,149761,3,3
0,149762,9,9
1,149762,9,9
2,149762,6,6
0,149763,27,27
1,149763,27,27
0,149764,79,81
0,153409,139,139
0,153984,139,137
0,157249,138,3
0,157632,139,137
0,157633,139,139
0,160704,139,137
0,164353,139,139
0,164737,139,3
0,165504,139,137
0,166849,139,139
0,168768,139,137
0,169920,139,137
0,170881,139,139
0,172225,138,3
0,174912,139,137
0,180096,139,137
0,180097,139,139
0,183169,139,139
0,184128,139,137
0,187201,3,3
1,187201,3,3
2,187201,3,3
0,187202,9,9
1,187202,9,9
2,187202,6,6
0,187203,27,27
1,187203,27,27
0,187204,79,81
0,190849,139,139
0,191424,139,137
0,194689,138,3
0,195072,139,137
0,195073,139,139
0,198144,139,137
0,201793,139,139
0,202177,139,3
0,202944,139,137
0,204289,139,139
0,206208,139,137
0,207360,139,137
0,208321,139,139
0,209665,138,3
0,212352,139,137
0,217536,139,137
0,217537,139,139
0,220609,139,139
0,221568,139,137
