coefficient_residue,rank
4,0
113,61
222,61
331,61
440,61
549,61
658,61
767,61
876,61
985,61
1094,61
1203,61
1312,61
1421,61
1530,61
1639,61
1748,61
1857,61
1966,61
2075,61
2184,61
2293,61
2402,61
2511,61
2620,61
2729,61
2838,61
2947,61
3056,61
3165,61
3274,61
3383,61
3492,61
3601,61
3710,61
3819,61
3928,61
4037,61
4146,61
4255,61
4364,61
4473,61
4582,61
4691,61
4800,61
4909,61
5018,61
5127,61
5236,61
5345,61
5454,61
5563,61
5672,61
5781,61
5890,61
5999,61
6108,61
6217,61
6326,61
6435,61
6544,61
6653,61
6762,61
6871,61
6980,61
7089,61
7198,61
7307,61
7416,61
7525,61
7634,61
7743,61
7852,61
7961,61
8070,61
8179,61
8288,61
8397,61
8506,60
8615,61
8724,61
8833,61
8942,61
9051,61
9160,60
9269,61
9378,61
9487,61
9596,61
9705,61
9814,61
9923,61
10032,61
10141,61
10250,61
10359,61
10468,61
10577,61
10686,61
10795,61
10904,61
11013,61
11122,61
11231,61
11340,61
11449,61
11558,61
11667,61
11776,61
11885,61
11994,60
12103,61
